frequency_hz,impedance_real_ohm,impedance_imag_ohm,magnitude_ohm,phase_deg,load_magnitude_ohm,load_phase_deg,external_impedance_magnitude_ohm,external_impedance_phase_deg
1000,0.686377304987925,-7.93063388672795,7.96028062634227,-85.0535139249121,7.95772359286304,-89.8199991709525,0.372792599994424,2.76144026728279
1020.45975119194,0.685611266891163,-7.77067921500789,7.80086650775693,-84.9578188986323,7.79817392070579,-89.8163163638034,0.372937974848077,2.81688439879296
1041.33810380272,0.684883366313753,-7.61391196834173,7.6446530782705,-84.8599877622433,7.64182312696043,-89.8125582051455,0.373085410759513,2.87342811785399
1062.64362231321,0.684192174052196,-7.46026785140834,7.49157629246282,-84.7599779661798,7.48860707517869,-89.8087231531685,0.373234951560584,2.93109270404255
1084.38504643144,0.683536318486031,-7.30968384930227,7.34157339236215,-84.6577459755384,7.33846291481058,-89.8048096345084,0.373386642435816,2.98989982576915
1106.57129467768,0.682914483304709,-7.16209820172697,7.19458288177209,-84.5532472484558,7.19132905542253,-89.8008160436013,0.373540529972036,3.04987154625473
1129.21146804293,0.682325405324782,-7.01745037770015,7.05054450111732,-84.4464362139106,7.04714514143248,-89.7967407420244,0.373696662209895,3.11103032953635
1152.31485372218,0.681767872393798,-6.87568105076117,6.90939920279792,-84.3372662489325,6.90585202735153,-89.7925820578226,0.373855088697366,3.17339904649821
1175.89092892411,0.681240721377493,-6.73673207467017,6.77108912704247,-84.2256896552028,6.76739175352189,-89.7883382848223,0.374015860545295,3.23700098092321
1199.94936475876,0.680742836226968,-6.60054645958936,6.63555757825007,-84.1116576350295,6.63170752234135,-89.7840076819302,0.374179030485071,3.30185983556072
1224.50003020465,0.680273146122671,-6.4670683487367,6.50274900181205,-83.9951202666784,6.49874367496443,-89.7795884724183,0.374344652928505,3.36799973820499
1249.55299615716,0.679830623692156,-6.33624299550243,6.37260896140374,-83.8760264790426,6.36844566847063,-89.7750788431941,0.374512784029998,3.4354452477791
1275.11853955967,0.67941428329869,-6.20801674101936,6.24508411673749,-83.7543240256316,6.24076005349044,-89.7704769440556,0.374683481751076,3.50422136041823
1301.20714761929,0.679023179397892,-6.08233699217772,6.12012220176796,-83.6299594578619,6.11563445227997,-89.7657808869315,0.374856805927394,3.57435351554609
1327.82952210876,0.678656404959716,-5.95915220007556,5.99767200334082,-83.5028780976271,5.9930175372351,-89.7609887451049,0.375032818338291,3.6458676019376
1354.99658375642,0.678313089953192,-5.8384118388962,5.8776833402766,-83.37302400913,5.87285900983653,-89.7560985524222,0.375211582778992,3.71878996376066
1382.719476726,0.677992399891424,-5.72006638520377,5.76010704288112,-83.2403399699536,5.75510958001682,-89.7511083024849,0.375393165135557,3.79314740658907
1411.00957318807,0.677693534434476,-5.60406729764891,5.64489493287451,-83.1047674413513,5.63972094594121,-89.7460159478253,0.375577633462678,3.86896720337848
1439.87847798494,0.677415726047836,-5.49036699707593,5.53199980373079,-82.9662465377342,5.52664577419378,-89.7408193990647,0.375765058064428,3.94627710039635
1469.33803339114,0.677158238714263,-5.37891884702358,5.4213754014202,-82.8247159953331,5.41583768036091,-89.7355165240548,0.375955511578067,4.02510532309646
1499.40032397118,0.676920366696909,-5.26967713461151,5.31297640554675,-82.6801131400114,5.30725121000392,-89.7301051470015,0.376149069061025,4.10548058192806
1530.07768153674,0.676701433351669,-5.16259705180452,5.20675841087341,-82.5323738542086,5.20084182001335,-89.7245830475704,0.376345808081168,4.18743207806864
1561.38269020532,0.676500789986821,-5.05763467704706,5.10267790922784,-82.3814325429872,5.09656586033693,-89.7189479599737,0.376545808810473,4.2709895090692
1593.32819156233,0.676317814768083,-4.95474695726047,5.00069227178144,-82.2272220991618,4.99438055607397,-89.713197572039,0.376749154122228,4.35618307439958
1625.9272899288,0.676151911667284,-4.85389169019564,4.90075973169483,-82.0696738674846,4.89424398992872,-89.7073295242587,0.376955929691897,4.44304348088122
1659.19335773693,0.676002509452917,-4.75502750713391,4.80283936712303,-81.9087176078628,4.79611508501557,-89.7013414088189,0.377166224101758,4.53160194799343
1693.14004101554,0.675869060720933,-4.65811385592914,4.70689108457364,-81.7442814575833,4.69995358800892,-89.6952307686102,0.377380128949476,4.62189021303869
1727.78126498783,0.675751040964159,-4.56311098438404,4.61287560261172,-81.5762918925194,4.60572005263091,-89.6889950962164,0.377597738960729,4.71394053615169
1763.13123978358,0.675647947678834,-4.46997992395398,4.52075443590494,-81.404673687294,4.51337582347024,-89.6826318328832,0.377819152106038,4.80778570513556
1799.20446626829,0.675559299506779,-4.37868247377165,4.43048987960305,-81.2293498743742,4.42288302012538,-89.6761383674656,0.378044469721957,4.90345904010811
1836.01574199156,0.675484635411793,-4.28918118498606,4.34204499404553,-81.0502417020727,4.33420452166572,-89.6695120353534,0.378273796636751,5.00099439793986
1873.5801672572,0.675423513888926,-4.20143934540946,4.25538358979173,-80.8672685914298,4.2473039514042,-89.662750117375,0.378507241300749,5.10042617646416
1911.91315131743,0.675375512205324,-4.1154209644659,4.17047021296784,-80.6803480919521,4.16214566197533,-89.655849838678,0.37874491592151,5.20178931843941
1951.03041869398,0.675340225671399,-4.03109075843538,4.08727013092516,-80.4893958361841,4.07869472071227,-89.6488083675869,0.37898693660397,5.3051193152413
1990.94801562837,0.675317266941119,-3.94841413598742,4.00574931820428,-80.294325493088,3.99691689531724,-89.6416228144381,0.379233423495759,5.41045221026255
2031.68231666421,0.675306265340276,-3.86735718399829,3.92587444280011,-80.0950487202104,3.91677863981904,-89.6342902303892,0.37948450093783,5.51782460199589
2073.25003136423,0.675306866221621,-3.78788665364604,3.84761285272256,-79.8914751146131,3.83824708081227,-89.6268076062053,0.379740297620611,5.62727364677497
2115.66821116462,0.675318730345799,-3.70996994677757,3.77093256284817,-79.6835121625489,3.76129000397234,-89.6191718710196,0.380000946745844,5.73883706114641
2158.95425636975,0.675341533287074,-3.63357510254235,3.69580224205763,-79.471065187863,3.68587584084091,-89.6113798910682,0.380266586194303,5.85255312384481
2203.12592328985,0.675374964862854,-3.55867078428718,3.62219120065501,-79.2540372991038,3.61197365587619,-89.6034284683988,0.380537358699588,5.96846067734112
2248.20133152487,0.675418728586091,-3.48522626670664,3.55006937806387,-79.0323293353288,3.53955313376297,-89.5953143395536,0.380813412028194,6.08659912893298
2294.19897139726,0.67547254113963,-3.41321142324416,3.47940733079616,-78.8058398105935,3.46858456697697,-89.5870341742235,0.381094899166044,6.2070084513446
2341.13771153685,0.67553613187167,-3.34259671373822,3.41017622068973,-78.574464857116,3.39903884359857,-89.5785845738758,0.381381978511714,6.32972918280137
2389.03680662097,0.675609242311469,-3.27335317230903,3.34234780341039,-78.3380981671114,3.33088743537087,-89.5699620703527,0.381674814076535,6.45480242654332
2437.91590527282,0.675691625704528,-3.20545239548037,3.27589441721464,-78.0966309332967,3.26410238599716,-89.5611631244409,0.381973575691816,6.58226984973948
2487.79505812157,0.675783046566462,-3.13886653053201,3.21078897196946,-77.8499517880697,3.19865629967294,-89.5521841244121,0.382278439223383,6.7121736817633
2538.69472602728,0.675883280254831,-3.07356826407777,3.14700493842543,-77.5979467413728,3.13452232984803,-89.5430213845324,0.382589586793669,6.84455671178765
2590.63578847409,0.675992112558226,-3.00953081086463,3.08451633773991,-77.3404991172579,3.07167416821378,-89.5336711435416,0.382907207011586,6.97946228565589
2643.6395521352,0.676109339301918,-2.9467279027883,3.02329773124686,-77.0774894891763,3.01008603391127,-89.5241295631004,0.383231495210405,7.11693430198326
2697.72775961306,0.676234765969435,-2.88513377812073,2.96332421047021,-76.8087956140259,2.9497326629557,-89.5143927262058,0.383562653693873,7.25701720744142
2752.92259835833,0.676368207339423,-2.82472317094514,2.90457138737782,-76.5342923649962,2.89058929787296,-89.504456635573,0.383900891990823,7.39975599117597
2809.24670977141,0.6765094871372,-2.76547130079433,2.84701538487302,-76.2538516632646,2.83263167754384,-89.4943172119844,0.384246427118503,7.54519617830572
2866.72319849011,0.676658437700427,-2.70735386248791,2.79063282752128,-75.9673424086068,2.77583602725195,-89.4839702926038,0.38459948385487,7.69338382244922
2925.37564186738,0.676814899658331,-2.65034701616443,2.73540083250905,-75.6746304089979,2.72017904893114,-89.4734116292555,0.384960295020106,7.84436549722278
2985.22809964295,0.676978721623957,-2.59442737750412,2.68129700083271,-75.3755783092982,2.66563791160839,-89.4626368866679,0.385329101767593,7.99818828665124
3046.30512381283,0.677149759898934,-2.53957200813849,2.62829940871502,-75.0700455191305,2.61219024203838,-89.4516416406801,0.385706153884604,8.15489977443099
3108.63176870077,0.677327878190265,-2.4857584062427,2.57638659924708,-74.7578881400773,2.5598141155258,-89.4404213764115,0.386091710102956,8.31454803198212
3172.23360123576,0.677512947338669,-2.43296449730685,2.52553757425367,-74.4389588923463,2.50848804693165,-89.4289714863929,0.386486038419889,8.47718160522439
3237.13671143975,0.677704845058022,-2.38116862508253,2.47573178638005,-74.1131070410751,2.45819098185982,-89.4172872686587,0.386889416429403,8.64284950000938
3303.3677231301,0.677903455685466,-2.33034954270074,2.42694913139848,-73.7801783224727,2.40890228802047,-89.4053639247993,0.387302131664328,8.81160116613904
3370.95380484083,0.678108669941767,-2.28048640395771,2.37916994073272,-73.4400148700238,2.36060174676643,-89.3931965579722,0.387724481949357,8.9834864798981
3439.9226809674,0.678320384701518,-2.23155875476498,2.33237497419901,-73.0924551410125,2.31326954479938,-89.3807801708727,0.388156775765306,9.15855572502623
3510.3026431395,0.678538502772809,-2.18354652476024,2.28654541296203,-72.7373338436595,2.26688626604221,-89.3681096636606,0.388599332624837,9.33685957205295
3582.12256182654,0.678762932685992,-2.13643001907545,2.24166285270449,-72.3744818652027,2.22143288367449,-89.3551798318443,0.389052483459888,9.51844905591656
3655.41189818055,0.678993588491187,-2.09018991025897,2.19770929700917,-72.0037262012965,2.17689075232739,-89.3419853641202,0.389516571021053,9.70337555178637
3730.20071612138,0.679230389564189,-2.0448072303483,2.15466715095214,-71.624889887151,2.13324160043527,-89.3285208401669,0.389991950289138,9.89169074900485
3806.51969466922,0.679473260420453,-2.00026336309024,2.1125192149061,-71.2377919308837,2.09046752274054,-89.3147807283927,0.390478988899123,10.0834466230655
3884.40014052937,0.679722130536837,-1.95654003630521,2.0712486785528,-70.8422472496147,2.04855097294871,-89.3007593836354,0.39097806757674,10.2786954055395
3963.87400093454,0.679976934180805,-1.91361931439272,2.03083911510361,-70.4380666088985,2.00747475653083,-89.2864510448147,0.391489580587891,10.4774895518634
4044.97387674986,0.680237610246815,-1.87148359097477,1.99127447572707,-70.0250565661525,1.96722202367009,-89.2718498325333,0.392013936201091,10.6798817068982
4127.73303584606,0.680504102099587,-1.83011558167429,1.95253908418279,-69.6030194188203,1.92777626234996,-89.2569497466289,0.392551557163126,10.8859246681695
4212.18542674622,0.680776357424012,-1.78949831702558,1.91461763166041,-69.1717531580849,1.88912129158076,-89.2417446636734,0.393102881188109,11.0956713466969
4298.36569255176,0.681054328081435,-1.74961513551395,1.8774951718228,-68.7310514290423,1.85124125476212,-89.2262283344193,0.393668361460082,11.3091747253212
4386.30918515334,0.681337969972069,-1.71044967674149,1.84115711605249,-68.2807034983354,1.81412061317849,-89.210394381192,0.394248467149322,11.5264878144359
4476.05197973251,0.681627242903304,-1.67198587471647,1.80558922889991,-67.820494230359,1.777744139625,-89.1942362952267,0.394843683942453,11.7476636050321
4567.63088956002,0.681922110463687,-1.63420795126336,1.77077762373248,-67.350204073257,1.74209691216119,-89.177747433948,0.395454514586508,11.9727550189636
4661.08348109704,0.682222539902359,-1.59710040955088,1.73670875858286,-66.8696090560558,1.70716430798985,-89.1609210181925,0.396081479446981,12.201814856342
4756.44808940515,0.682528502013745,-1.56064802773547,1.70336943219483,-66.378480798411,1.67293199745872,-89.1437501293709,0.396725117079973,12.4348957399721
4853.76383387175,0.68283997102728,-1.52483585271742,1.67074678026474,-65.8765865345842,1.63938593818227,-89.1262277065702,0.39738598481844,12.6720500567392
4953.07063425721,0.683156924502006,-1.48964919400734,1.63882827187651,-65.3636891534194,1.60651236928146,-89.1083465435938,0.398064659372561,12.9133298958642
5054.40922707022,0.683479343225842,-1.45507361770014,1.6076017061273,-64.83954725625,1.57429780573894,-89.0900992859369,0.398761737444213,13.1587869839432
5157.82118227832,0.68380721111935,-1.42109494055438,1.57705520894104,-64.3039152348379,1.54272903286735,-89.0714784276983,0.399477836355483,13.4084726166946
5263.34892036025,0.68414051514384,-1.3876992241743,1.54717723006617,-63.7565433716277,1.5117931008886,-89.0524763084247,0.400213594691158,13.6624375873383
5371.03572970718,0.684479245213638,-1.35487276929231,1.51795654025339,-63.1971779647914,1.48147731962174,-89.0330851098866,0.40096967295504,13.9207321115404
5480.92578438002,0.684823394112383,-1.32260211014947,1.48938222860871,-62.6255614807358,1.4517692532774,-89.0132968527856,0.401746754239945,14.1834057488593
5593.06416222991,0.685172957413177,-1.29087400897181,1.46144370011618,-62.0414327369549,1.42265671535655,-88.9931033933886,0.402545544911191,14.4505073206398
5707.4968633897,0.685527933402477,-1.25967545054,1.43413067332382,-61.4445271183233,1.39412776365145,-88.9724964200899,0.403366775303304,14.7220848243073
5824.27082914343,0.685888323007569,-1.22899363685042,1.40743317818537,-60.8345768301453,1.36617069534698,-88.9514674498981,0.404211200429678,14.998185344024
5943.43396118218,0.686254129727502,-1.19881598186518,1.38134155404933,-60.211311191498,1.33877404221998,-88.9300078248461,0.405079600704842,15.2788549576796
6065.03514125369,0.686625359567364,-1.1691301063491,1.35584644778561,-59.5744569726291,1.31192656593498,-88.9081087083222,0.405972782678947,15.5641386402011
6189.12425121411,0.687002020975771,-1.13992383279147,1.33093881203862,-58.9237387803902,1.28561725343412,-88.8857610813209,0.40689157978403,15.8540801631762
6315.75219348996,0.687384124785453,-1.11118518041052,1.30660990359442,-58.2588794958998,1.25983531241959,-88.8629557386113,0.40783685309157,16.148721990801
6444.97091195871,0.687771684156844,-1.08290236023856,1.28285128184766,-57.5796007688305,1.2345701669265,-88.8396832848201,0.408809492080789,16.4481051721784
6576.83341325668,0.688164714524548,-1.0550637702857,1.25965480735245,-56.8856235728995,1.20981145298465,-88.8159341304284,0.409810415417077,16.7522692300062
6711.39378852275,0.688563233546603,-1.02765799078032,1.23701264043938,-56.1766688273017,1.1855490143671,-88.7916984876792,0.41084057173989,17.0612520457161
6848.70723558705,0.688967261056423,-1.00067377948413,1.21491723987877,-55.452458088952,1.1617728984241,-88.7669663663938,0.411900940459394,17.375089741142
6988.83008161361,0.689376819017359,-0.974100067080092,1.19336136156821,-54.71271432049,1.13847335200043,-88.7417275696949,0.412992532561057,17.6938165568152
7131.81980620617,0.689791931479754,-0.947925952631204,1.17233805721999,-53.9571627390385,1.11564081743467,-88.7159716896327,0.414116391417349,18.0174647270095
7277.73506498689,0.690212624540438,-0.92214069910826,1.15184067302161,-53.1855317506779,1.09326592863856,-88.6896881027135,0.415273593605636,18.3460643516797
7426.63571365738,0.690638926304573,-0.896733728984837,1.1318628482401,-52.3975539755009,1.07133950725506,-88.6628659653268,0.416465249731291,18.6796432654636
7578.58283255199,0.69107086684976,-0.871694619897634,1.1123985137382,-51.5929673679177,1.0498525588933,-88.6354942090684,0.417692505254978,19.0182269039418
7733.63875169351,0.691508478192357,-0.847013100370397,1.09344189036774,-50.7715164365914,1.02879626943915,-88.6075615359576,0.41895654132302,19.3618381673808
7891.86707636151,0.691951794255927,-0.822679045599683,1.0749874872029,-49.9329535679635,1.00816200143958,-88.5790564135443,0.420258575599684,19.7104972822094
8053.33271318373,0.692400850841742,-0.798682473300708,1.05703009957338,-49.0770404567794,0.987941290559644,-88.5499670699041,0.421599863100162,20.0642216605108
8218.10189676137,0.692855685601301,-0.775013539611601,1.03956480685494,-48.2035496463139,0.968125842110348,-88.5202814885181,0.422981697022977,20.4230257578446
8386.24221683912,0.693316338010781,-0.751662535054356,1.02258696997225,-47.312266180114,0.948707527646215,-88.4899874030339,0.424405409580475,20.7869209297419
8557.822646031,0.693782849347377,-0.728619880550829,1.00609222856678,-46.4029893660036,0.929678381631004,-88.4590722919045,0.42587237282604,21.1559152872525
8732.91356811354,0.694255262667477,-0.705876123492151,0.990076497780749,-45.4755346518118,0.911030598170263,-88.4275233729024,0.427383999476591,21.5300135519543
8911.58680689786,0.69473362278661,-0.683421933859913,0.974535964606248,-44.5297356107854,0.892756527809381,-88.3953275975047,0.428941743728899,21.9092169108703
9093.91565569237,0.695217976261131,-0.661248100397565,0.959467083748062,-43.565446032905,0.87484867439582,-88.3624716451451,0.430547102068237,22.2935228717712
9279.97490736832,0.695708371371592,-0.63934552683042,0.944866572948043,-42.5825421163456,0.857299692004235,-88.3289419173305,0.432201614067812,22.6829251193767
9469.84088504053,0.696204858107751,-0.617705228132715,0.930731407719393,-41.5809247510938,0.840102381923223,-88.2947245316164,0.433906863177454,23.0774133729995
9663.59147337571,0.696707488155189,-0.596318326840214,0.917058815440441,-40.5605218842685,0.823249689702481,-88.2598053154385,0.435664477499982,23.4769732462131
9861.30615054154,0.697216314883486,-0.575176049406787,0.903846268759742,-39.5212909539917,0.806734702259126,-88.2241697997952,0.43747613055369,23.8815861091507
10063.0660208092,0.697731393335925,-0.554269722603521,0.89109147826779,-38.4632213757501,0.79055064504204,-88.1878032127773,0.439343542019397,24.2912289540771
10268.953847823,0.69825278022069,-0.533590769958826,0.878792384395299,-37.3863370621052,0.774690879253029,-88.1506904729392,0.44126847847051,24.7058742649018
10479.054088551,0.698780533903521,-0.513130708238092,0.866947148504115,-36.2906989533945,0.759148899123686,-88.1128161825086,0.443252754084597,25.125489891328
10693.4529279296,0.699314714401809,-0.492881143961462,0.855554143144455,-35.1764075337835,0.743918329246842,-88.0741646204269,0.445298231334983,25.5500389283563
10912.2383142178,0.699855383380086,-0.472833769958228,0.844611941461283,-34.0436053037336,0.728992921961483,-88.0347197352188,0.447406821660959,25.9794796018825
11135.4999950738,0.700402604146899,-0.452980361956504,0.834119305743491,-32.8924791767629,0.714366554790105,-87.9944651376815,0.449580486115245,26.413765161144
11363.3295543709,0.700956441653039,-0.433312775206681,0.82407517512191,-31.7232627653572,0.700033227927408,-87.9533840933914,0.451821235987423,26.8528437787871
11595.8204497653,0.701516962491102,-0.413822941137344,0.814478652436209,-30.5362385181958,0.685987061779347,-87.91145951502,0.454131133402177,27.2966584593295
11833.0680510339,0.70208423489636,-0.394502864042222,0.80532899030615,-29.3317396685733,0.672222294551488,-87.8686739544542,0.456512291891243,27.745146956802
12075.1696791954,0.702658328748941,-0.375344617796795,0.796625576459403,-28.1101519521992,0.658733279885707,-87.8250095947132,0.458966876938143,28.19824170235
12322.2246464322,0.703239315577274,-0.356340342603246,0.788367918385947,-26.8719150515499,0.645514484544271,-87.7804482416574,0.461497106494865,28.6558697425653
12574.3342968294,0.703827268562812,-0.337482241762349,0.780555627407509,-25.6175237237738,0.632560486140313,-87.7349713154795,0.464105251469855,29.1179526893119
12831.6020479467,0.704422262546003,-0.318762578470987,0.773188402269396,-24.3475285699556,0.619865970913814,-87.688559841973,0.466793636186809,29.5844066817831
13094.1334332417,0.705024374033504,-0.300173672643967,0.766266012380754,-23.0625364054099,0.607425731552157,-87.6411944435682,0.46956463881396,30.0551423615064
13362.0361453599,0.705633681206637,-0.281707897758807,0.759788280847314,-21.7632101937133,0.595234665054368,-87.59285533013,0.472420691763738,30.5300648609765
13635.4200803117,0.706250263931064,-0.263357677722172,0.753755067457535,-20.4502685114302,0.583287770638165,-87.5435222895066,0.475364282062908,31.0090738065572
13914.3973825525,0.70687420376769,-0.245115483756668,0.748166251798002,-19.1244845159817,0.571580147688954,-87.4931746778225,0.478397951693466,31.4920633362477
14199.0824909853,0.707505583984787,-0.226973831306699,0.743021716686462,-17.7866843957956,0.560106993749953,-87.4417914095046,0.481524297904849,31.9789221328506
14489.5921859047,0.708144489571328,-0.208925276962076,0.738321332120315,-16.4377452896914,0.548863602552589,-87.3893509470333,0.484745973498237,32.4695334730214
14786.045636901,0.708791007251543,-0.1909624153981,0.734064939944236,-15.0785926712668,0.537845362086386,-87.335831290408,0.488065687083951,32.9637752926078
15088.5644517446,0.7094452255007,-0.173077876330865,0.730252339442293,-13.7101972036637,0.527047752707554,-87.2812099663156,0.491486203313229,33.4615202686141
15397.2727262709,0.710107234562093,-0.155264321486446,0.726883274057169,-12.3335710802655,0.516466345285475,-87.2254640169921,0.495010343085911,33.9626359180429
15712.2970952848,0.71077712646527,-0.137514441582772,0.72395741943159,-10.9497638773396,0.506096799386377,-87.1685699887648,0.498640983735809,34.4669847137803
16033.7667845082,0.711454995045492,-0.119820953322845,0.721474372954699,-9.55985795505705,0.495934861493401,-87.1105039202627,0.502381059195822,34.9744242175982
16361.8136635888,0.712140935964431,-0.102176596398104,0.719433644979019,-8.16496345336859,0.485976363262378,-87.0512413302832,0.50623356014507,35.4848072302488
16696.5723001947,0.712835046732124,-0.0845741305006153,0.717834651852029,-6.76621293853476,0.476217219812566,-86.9907572053005,0.510201534140626,35.9979819585264
17038.1800152149,0.713537426730188,-0.0670063323428571,0.716676710880701,-5.3647557643699,0.466653428051669,-86.9290259866018,0.51428808573662,36.5137921990685
17386.7769390897,0.714248177236319,-0.0494659926838376,0.715959037318199,-3.9617522191518,0.457281065034461,-86.8660215570372,0.518496376593748,37.0320775385592
17742.5060692932,0.71496740145008,-0.0319459133602709,0.715680743430128,-2.55836753440074,0.448096286354313,-86.8017172273658,0.522829625582449,37.5526735698932
18105.5133289925,0.715695204519999,-0.0144389043215446,0.715840839664049,-1.15576583514706,0.439095324566995,-86.7360857221838,0.527291108883193,38.0754121237504
18475.947626906,0.716431693572005,0.00306221933274732,0.716438237911471,0.244895887255906,0.430274487646108,-86.6690991654148,0.531884160087545,38.6001215149226
18853.9609183878,0.717176977739207,0.0205646403140302,0.717471756817221,1.64247369932446,0.421630157469488,-86.600729065346,0.53661217030383,39.1266268026352
19239.7082677606,0.717931168193054,0.0380755421059406,0.71894012905784,3.03584246879596,0.413158788336002,-86.5309462991901,0.541478588271377,39.6547500639972
19633.3479119245,0.718694378175889,0.0556021119268081,0.720842010479653,4.42390135381923,0.404856905512102,-86.4597210971527,0.546486920487459,40.1843106796257
20035.0413252673,0.719466723034938,0.0731515436946589,0.723175990959008,5.80557897090135,0.396721103807564,-86.387023025984,0.551640731351144,40.7151256303918
20444.9532859025,0.720248320257747,0.0907310409960522,0.725940606822854,7.17983818226326,0.388748046179822,-86.3128209719921,0.556943643328359,41.2470098041565
20863.2519432629,0.721039289509109,0.108347820060029,0.72913435464773,8.54568045217226,0.380934462366319,-86.2370831234946,0.562399337142533,41.7797763112841
21290.1088870768,0.721839752669516,0.126009112738442,0.732755706239888,9.9021497315995,0.373277147544353,-86.1597769526831,0.568011551995199,42.3132368076543
21725.6992177557,0.72264983387516,0.143722169494007,0.736803124588828,11.2483358408557,0.365772961017831,-86.0808691968745,0.573784085820946,42.8472018238366
22170.2016182219,0.723469659559533,0.161494262397343,0.741275080581054,12.5833773303218,0.358418824930428,-86.000325839121,0.579720795581089,43.3814810990372
22623.7984272059,0.724299358496664,0.179332688134352,0.746170070260241,13.9064638097168,0.351211723004615,-85.9181120881498,0.58582559760036,43.9158839183972
23086.6757140431,0.725139061846029,0.197244771025232,0.751486632423848,15.2168377461993,0.344148699306047,-85.8341923576016,0.592102467950861,44.4502194521874
23559.0233550014,0.725988903199182,0.215237866056487,0.757223366354276,16.5137957407562,0.337226857032819,-85.7485302445345,0.598555442887389,44.9842970954349
24041.0351111699,0.726849018628169,0.233319361927273,0.763378949494209,17.7966893005595,0.330443357329079,-85.6610885071598,0.605188619338137,45.5179268065114
24532.9087079411,0.72771954673575,0.251496684111427,0.769952154890373,19.0649251321229,0.323795418122547,-85.5718290417726,0.612006155454603,46.0509194432196
25034.8459161201,0.728600628707504,0.269777297936577,0.776941868246866,20.3179649860701,0.317280312985452,-85.480712858839,0.619012271224365,46.5830870949394
25547.0526346925,0.729492408365863,0.288168711681711,0.784347104447849,21.5553250890703,0.310895370018425,-85.3877000581985,0.626211249150197,47.1142434094206
26069.7389752857,0.730395032226142,0.306678479694591,0.792167023429032,22.776575202013,0.304637970756919,-85.2927498033403,0.633607434998755,47.6442039128567
26603.1193483589,0.731308649554611,0.325314205530476,0.800400945297614,23.9813373458287,0.298505549099695,-85.1958202947061,0.641205238621876,48.1727863219258
27147.4125511558,0.732233412428706,0.344083545113538,0.809048364620365,25.1692842375738,0.292495590258962,-85.0968687419723,0.64900913485324,48.6998108465453
27702.8418574574,0.733169475799405,0.362994209922486,0.818108963819138,26.3401374796088,0.286605629731732,-84.9958513352612,0.657023664482949,49.2251004821647
28269.6351091707,0.734116997555889,0.382053970201817,0.827582625631691,27.4936655440116,0.280833252292005,-84.8927232152263,0.665253435312248,49.7484812904936
28848.0248097912,0.735076138592525,0.401270658200242,0.837469444613086,28.6296815929339,0.275176091003356,-84.7874384419563,0.673703123290416,50.2697826676566
29438.2482197784,0.736047062878273,0.420652171437781,0.847769737668815,29.748041173545,0.269631826251551,-84.6799499626361,0.68237747373554,50.7888375988549
30040.5474538817,0.737029937528597,0.440206476003073,0.858484053625023,30.8486398236678,0.264198184796798,-84.5702095779022,0.691281302640623,51.3054828987161
30655.1695804578,0.738024932879966,0.459941609882484,0.869613181853731,31.9314106213152,0.25887293884527,-84.4581679068253,0.70041949806624,51.8195594366152
31282.3667228206,0.739032222567038,0.479865686322606,0.881158159981647,32.9963217082048,0.253653905139518,-84.343774350447,0.709797021620673,52.3309123463545
31922.3961626646,0.740051983602623,0.49998689722776,0.893120280720139,34.0433738140704,0.248538944067439,-84.2269770537982,0.719418910028184,52.839391219699
32575.5204456033,0.741084396460536,0.520313516594169,0.905501097861216,35.0725978053018,0.243525958789429,-84.1077228663155,0.729290276785911,53.3448502833679
33242.0074888682,0.742129645161434,0.540853903982497,0.918302431490053,36.0840522781958,0.238612894383407,-83.9859573005744,0.739416313909554,53.8471485591953
33922.1306912111,0.743187917361755,0.561616508030459,0.931526372468772,37.0778212139696,0.233797737007345,-83.8616244892464,0.749802293767892,54.3461500072717
34616.1690450538,0.744259404445883,0.582609870007257,0.945175286249071,38.0540117097073,0.229078513079028,-83.7346671401881,0.760453571005869,54.8417236519874
35324.4072509337,0.745344301621645,0.603842627411645,0.959251816072952,39.0127517966395,0.224453288472686,-83.605026489559,0.771375584555922,55.3337436909934
36047.1358342906,0.746442808019293,0.625323517615457,0.973758885621434,39.9541883545938,0.219920167732222,-83.4726422528626,0.782573859736938,55.8220895871945
36784.6512646422,0.747555126794082,0.647061381554444,0.988699701170816,40.8784851291421,0.215477293300729,-83.3374525737973,0.794054010440161,56.3066461439759
37537.2560771991,0.748681465232602,0.669065167468377,1.00407775331511,41.7858208558973,0.211122844766007,-83.1993939707979,0.805821741401206,56.7873035639531
38305.2589969667,0.749822034863007,0.691343934692333,1.01989681831153,42.6763874945847,0.206855038121808,-83.0584012811401,0.817882850557219,57.2639574916105
39088.9750653874,0.750977051569294,0.71390685750122,1.03616095910383,43.5503885739255,0.202672125044529,-82.9144076024728,0.830243231488161,57.73650904027
39888.7257695733,0.752146735709803,0.73676322900955,1.05287452607587,44.4080376470071,0.198572392185098,-82.7673442316373,0.842908875941073,58.2048648038908
40704.8391741822,0.753331312240097,0.759922465128615,1.07004215758471,45.2495568556711,0.194554160475795,-82.6171406006201,0.855885876436179,58.668936854267
41537.6500559939,0.754531010840414,0.783394108583227,1.08766878031999,46.0751756014978,0.190615784451761,-82.4637242094809,0.869180428953612,59.1286427242356
42387.5000412375,0.755746066047867,0.807187832990214,1.10575960953286,46.8851293201979,0.186755651586968,-82.3070205560834,0.882798835699527,59.5839053775539
43254.7377457295,0.756976717393596,0.831313447001019,1.12432014917491,47.6796583556192,0.182972181644412,-82.1469530624512,0.896747507950395,60.0346531661416
44139.7189178798,0.758223209545078,0.855780898510719,1.14335619198422,48.4590069291114,0.17926382604031,-81.9834429975556,0.911032968974275,60.4808197754151
45042.8065846217,0.759485792453805,0.88060027893588,1.16287381955272,49.2234221996596,0.175629067222107,-81.8164093963344,0.925661857027849,60.9223441584614
45964.3712003298,0.760764721508558,0.905781827563801,1.18287940240618,49.9731534099764,0.172066418060069,-81.645768974725,0.940640928428143,61.3591704598178
46904.7907987824,0.762060257694527,0.931335935975628,1.20337960012502,50.7084511136085,0.168574421252291,-81.4714360404863,0.955977060697804,61.7912479296354
47864.4511482356,0.7633726677585,0.957273152546098,1.22438136153172,51.4295664780729,0.165151648742926,-81.2933223995658,0.971677255782986,62.2185308290052
48843.7459096673,0.764702224380409,0.983604187022548,1.24589192496807,52.136750659048,0.161796701153475,-81.1113372577582,0.987748643342863,62.6409783272285
49843.0767982614,0.766049206351489,1.01033991518609,1.2679188186828,52.8302542407271,0.158508207226956,-80.925387117382,1.00419848410999,63.0585543918059
50862.8537481946,0.767413898759343,1.03749138359784,1.29046986134849,53.5103267375547,0.155284823284832,-80.7353756686891,1.02103417332075,63.4712276719076
51903.4950807947,0.768796593180211,1.06506981443323,1.31355316272404,54.1772161527201,0.152125232696523,-80.5412036757012,1.03826324421529,63.8789713760739
52965.4276761398,0.770197587878767,1.09308661040747,1.33717712447767,54.8311685889647,0.149028145361402,-80.3427688561511,1.05589337160638,64.281763144878
54049.0871481682,0.771617188015761,1.12155335979555,1.36135044118333,55.472427907456,0.145992297203134,-80.1399657551873,1.07393237551686,64.679584919256
55154.9180233713,0.773055705863864,1.15048184154989,1.38608210150218,56.1012354306974,0.143016449676269,-79.93268561248,1.09238822488545,65.072422805191
56283.3739231414,0.774513461032083,1.17988403051935,1.41138138955935,56.7178296856599,0.140099389284981,-79.7208162223457,1.11126904134061,65.4602669354051
57434.9177498517,0.775990780699114,1.20977210277302,1.43725788652485,57.3224461835532,0.137239927113888,-79.5042417864851,1.1305831030426,65.8431113286878
58610.0218767433,0.777487999856053,1.24015844103265,1.46372147240679,57.9153172328735,0.134436898370857,-79.2828427589051,1.15033884859389,66.2209537474563
59809.1683416956,0.779005461558872,1.27105564021746,1.49078232806375,58.4966717825924,0.131689161941782,-79.0564956825734,1.17054488101795,66.5937955541117
61032.8490449635,0.780543517191114,1.30247651310552,1.51845093744269,59.0667352925703,0.128995599957246,-78.825073017324,1.19120997180704,66.9616415667225
62281.5659509587,0.782102526737262,1.33443409611578,1.54673809004794,59.6257296284877,0.126355117371088,-78.5884429585097,1.21234306503943,67.3244999145331
63555.8312941597,0.78368285906728,1.3669416552151,1.57565488364618,60.173872978794,0.123766641550835,-78.3464692458665,1.23395328156663,67.6823818937592
64856.1677892352,0.785284892232838,1.40001269195485,1.60521272721213,60.7113797913688,0.12122912188002,-78.099010962027,1.25604992327156,68.0353018241025
66183.1088454656,0.78690901377575,1.43366094964188,1.63542334411906,61.2384607277768,0.118741529372419,-77.845922320088,1.27864247739841,68.3832769063787
67537.1987855529,0.788555621049204,1.46790041964855,1.66629877557798,61.755322633172,0.116302856298234,-77.5870524396071,1.30174062095533,68.7263270816237
68918.993068906,0.790225121552386,1.50274534786721,1.69785138432933,62.2621685200751,0.113912115822306,-77.3222451103712,1.32535422519112,69.0644748920061
70329.0585194947,0.791917933279095,1.5382102413143,1.73009385859069,62.7591975644007,0.111568341654429,-77.0513385432437,1.34949336014708,69.3977453438491
71767.9735583671,0.793634485081052,1.57430987488975,1.76303921626413,63.2466051122589,0.109270587711883,-76.7741651073658,1.37416829928562,69.7261657730265
73236.328440921,0.795375217046553,1.61105929829744,1.79670080940664,63.724582696189,0.107017927794316,-76.4905510529516,1.39938952419696,70.049765712974
74734.7254990334,0.797140580895232,1.64847384313287,1.83109232896739,64.1933180596096,0.104809455271123,-76.2003162188797,1.42516772938568,70.3685767655262
76263.7793881416,0.798931040389673,1.6865691301444,1.86622780979551,64.6529951883859,0.10264428278152,-75.9032737242533,1.45151382713881,70.6826324747637
77824.1173393799,0.800747071764701,1.72536107667465,1.90212163592228,65.1037943485215,0.10052154194751,-75.5992296430598,1.47843895247741,70.9919682040269
79416.379416876,0.80258916417519,1.76486590428917,1.938788546122,65.5458921290818,0.0984403830999947,-75.2879826610338,1.50595446819344,71.2966210162322
81041.2187803099,0.804457820163284,1.80510014659955,1.97624363975589,65.9794614895454,0.0963999750182928,-74.9693237137885,1.53407196997421,71.596629557601
82699.3019528467,0.806353556145988,1.84608065728868,2.0145023829037,66.4046718108653,0.0943995046833835,-74.6430356052543,1.56280329161641,71.8920339448913
84391.3090945491,0.808276902924109,1.88782461834612,2.0535806147883,66.8216889495958,0.0924381770452117,-74.3088926054338,1.59216051033206,72.1828756562014
86117.9342813856,0.810228406213591,1.93034954852216,2.09349455449856,67.2306752945108,0.0905152148044357,-73.9666600264591,1.62215595214883,72.4691974253973
87879.8857899467,0.812208627200374,1.97367331200912,2.13426080801662,67.6317898252048,0.088629858209043,-73.6160937759177,1.65280219740712,72.7510431401969
89677.8863879852,0.814218143119911,2.01781412735932,2.17589637555571,68.0251881722207,0.0867813648662973,-73.256939886404,1.68411208635645,73.0284577439306
91512.6736309023,0.816257547862589,2.0627905766495,2.21841865921575,68.4110226783062,0.0849690095705265,-72.8889340202449,1.71609872485397,73.3014871409801
93385.0001642997,0.818327452606348,2.10862161490167,2.26184547096386,68.7894424604434,0.0831920841473133,-72.5118009483593,1.74877549016771,73.5701781058867
95295.6340327206,0.820428486477852,2.15532657977144,2.3061950409481,69.1605934723417,0.0814498973146968,-72.1252540022266,1.78215603688752,73.8345781961074
97245.3589947083,0.822561297243676,2.20292520151477,2.35148602615285,69.5246185671212,0.0797417745620529,-71.7289944979769,1.8162543029466,74.0947356683861
99234.9748443108,0.824726552033011,2.25143761324536,2.39773751940537,69.8816575599495,0.0780670580473713,-71.3227111316657,1.85108451575673,74.3506993986972
101265.297739164,0.826924938093509,2.30088436149495,2.44496905874348,70.2318472904254,0.0764251065137139,-70.9060793448766,1.88666119846029,74.6025188057112
103337.160535285,0.829157163581962,2.35128641708986,2.49320063715509,70.5753216845313,0.0748152952257006,-70.4787606598961,1.9229991763023,74.8502437777239
105451.413128718,0.83142395839161,2.40266518635742,2.54245271270117,70.9122118160003,0.0732370159269289,-70.0404019838427,1.96011358312592,75.0939246029832
107608.92280417,0.833726075017977,2.45504252267729,2.59274621903467,71.2426459669697,0.0716896768193093,-69.5906348813086,1.9980198679947,75.3336119033429
109810.574590777,0.836064289465241,2.50844073839265,2.64410257632848,71.566749687807,0.0701727025653642,-69.1290748152968,2.03673380194524,75.5693565711668
112057.271625148,0.838439402195256,2.56288261709783,2.69654370262671,71.8846458560178,0.0686855343146135,-68.6553203565122,2.07627148487372,75.801209709404
114349.935521846,0.840852239121487,2.61839142631952,2.75009202563463,72.1964547341579,0.0672276297552362,-68.1689523614109,2.11664935256037,76.0292225747503
116689.506751437,0.843303652650205,2.67499093060955,2.80477049496327,72.5022940266864,0.0657984631922842,-67.669533119834,2.15788418383524,76.2534465238095
119076.945026282,0.845794522771489,2.73270540506841,2.86060259484612,72.802278935709,0.0643975256537841,-67.1566054735607,2.19999310788972,76.4739329621663
121513.229694216,0.848325758202675,2.79155964931993,2.91761235734656,73.0965222155714,0.0630243250261429,-66.6296919077369,2.24299361173749,76.6907332962794
123999.360140289,0.850898297587094,2.85157900195825,2.97582437607562,73.3851342262743,0.0616783862203373,-66.0882936178738,2.28690354782928,76.9038988881034
126536.356196719,0.853513110751073,2.91278935548979,3.03526382044109,73.6682229856849,0.0603592513704325,-65.531889555999,2.33174114182572,77.1134810123478
129125.258561238,0.856171200022375,2.9752171717942,3.09595645045062,73.9458942205334,0.0590664800660245,-64.9599354605928,2.37752500053263,77.3195308162793
131767.129223996,0.85887360161346,3.03888949812949,3.15792863209259,74.2182514161845,0.0577996496202476,-64.3718628761924,2.42427412000334,77.5220992819762
134463.051903195,0.8616213870731,3.10383398370826,3.22120735332019,74.4853958651814,0.0565583553750155,-63.7670781700118,2.47200789381276,77.721237190941
137214.132489644,0.864415664810168,3.17007889687324,3.28582024066598,74.7474267145631,0.0553422110451693,-63.1449615546529,2.52074612150795,77.9169950909826
140021.499500399,0.867257581693606,3.2376531429024,3.3517955765158,75.0044410119632,0.0541508491031893,-62.5048661280009,2.57050901724023,78.1094232652744
142886.3045417,0.870148324732855,3.30658628247542,3.41916231707271,75.2565337504964,0.0529839212060782,-61.8461169437461,2.62131721858391,78.2985717035027
145809.722781359,0.873089122843264,3.37690855083519,3.48795011104389,75.5037979124465,0.0518410986659285,-61.1680101287034,2.67319179554693,78.484490075015
148792.953430831,0.876081248701338,3.44865087768047,3.55818931908526,75.746324511769,0.050722072965549,-60.4698120662516,2.72615425977876,78.6672277038841
151837.22023714,0.879126020694932,3.52184490782748,3.62991103404109,75.9842026354246,0.0496265563203162,-59.7507586688368,2.78022657398146,78.8468335458032
154943.771984868,0.882224804973858,3.59652302268089,3.70314710201807,76.2175194835618,0.048554282287147,-59.0100547666357,2.83543116152925,79.0233561667289
158113.883008419,0.885379017606729,3.67271836255714,3.777930144336,76.4463604085659,0.0475050064211062,-58.2468736441929,2.891790916303,79.196843723194
161348.853714763,0.888590126850221,3.75046484990562,3.85429358040008,76.6708089529945,0.0464785069796969,-57.4603567621931,2.94932921274558,79.3673439442104
164650.011116871,0.891859655537348,3.82979721347601,3.93227165154238,76.89094688642,0.0454745856742643,-56.649613707535,3.00806991614451,79.5349041146857
168018.709378073,0.895189183591799,3.91075101348336,4.01189944588356,77.1068542411979,0.0444930684671883,-55.8137224215743,3.06803739314853,79.699571060282
171456.330367539,0.898580350675812,3.99336266782559,4.09321292426913,77.3186093471832,0.0435338064125965,-54.9517297638107,3.12925652252499,79.8613911336436
174964.284227142,0.90203485897961,4.07766947941175,4.17624894733784,77.5262888654128,0.0425966765371856,-54.062652476398,3.191752706165,80.0204102019253
178544.009949905,0.905554476160915,4.1637096646627,4.26104530378411,77.7299678207769,0.0416815827563535,-53.1454786236127,3.25555188034383,80.1766736355542
182196.975970291,0.909141038443698,4.25152238325065,4.34764073987993,77.9297196336961,0.0407884568191828,-52.1991695897239,3.32068052724401,80.3302262981611
185924.680766567,0.912796453885871,4.34114776914748,4.43607499032656,78.1256161508251,0.0399172592738626,-51.222662728423,3.38716568674916,80.481112537619
189728.653475493,0.916522705826385,4.43262696305696,4.52638881051053,78.3177276748007,0.0390679804428295,-50.2148747668466,3.45503496851659,80.6293761781285
193610.454519583,0.920321856522844,4.52600214631051,4.61862401024385,78.5061229930528,0.0382406413942476,-49.1747060769298,3.52431656433726,80.775060513293
197571.676247212,0.924196050991606,4.62131657631196,4.71282348907364,78.6908694056939,0.0374352948933795,-48.1010459358821,3.59503926079182,80.9182083001283
201613.943585804,0.928147521063117,4.71861462362189,4.80903127325181,78.8720327525034,0.0366520263139469,-46.9927789053924,3.66723245221198,81.0588617539537
205738.914708396,0.93217858966619,4.81794181077851,4.90729255446216,79.0496774390235,0.0358909544856897,-45.8487924649088,3.74092615395667,81.1970625441122
209948.281713829,0.936291675355892,4.9193448529589,5.00765373040848,79.2238664617775,0.0351522324500812,-44.6679860370417,3.81615101601285,81.3328517904736
214243.77132087,0.940489297100809,5.02287170059094,5.11016244737469,79.3946614326261,0.0344360480915433,-43.4492815415624,3.89293833693142,81.4662700606705
218627.145576518,0.944774079346559,5.1285715840341,5.2148676448753,79.5621226022718,0.0337426246066539,-42.1916356071665,3.97132007810881,81.5973573680248
223100.202578817,0.949148757373724,5.23649506045577,5.32181960252335,79.7263088829222,0.0330722207688413,-40.8940535554735,4.05132887842544,81.7261531701216
227664.777214451,0.953616182969705,5.34669406303797,5.4310699892514,79.8872778701216,0.0324251309411431,-39.5556052477746,4.13299806925287,81.8526963679877
232322.741911427,0.958179330435471,5.45922195265926,5.54267191503074,80.0450858637579,0.031801684784991,-38.1754428498525,4.21636168984155,81.9770253058383
237076.007407164,0.962841302949763,5.57413357220666,5.65667998524465,80.1997878882523,0.0312022466090189,-36.7528205217915,4.30145450310198,82.0991777713525
241926.523532293,0.967605339315076,5.69148530368349,5.77315035788227,80.3514377119353,0.0306272142989809,-35.2871159762821,4.38831201179251,82.2191909964433
246876.280010495,0.972474821111564,5.81133512829092,5.89214080373204,80.5000878656131,0.0300770177685016,-33.7778537691272,4.47697047512762,82.3371016584879
251927.307274702,0.97745328028713,5.93374268967367,6.01371076976602,80.645789660327,0.0295521168711296,-32.2247300888162,4.56746692582098,82.452945881985
257081.677299997,0.982544407214123,6.05876936053444,6.13792144592114,80.7885932043033,0.0290529987176392,-30.6276386986069,4.65983918757857,82.5667592406112
262341.504453562,0.987752059245525,6.18647831283652,6.26483583549803,80.9285474190954,0.0285801743493631,-28.9866975565489,4.7541258930576,82.6785767596435
267708.946362001,0.993080269806147,6.31693459183,6.39451882941451,81.0657000549119,0.0281341747291448,-27.302275500201,4.85036650230762,82.7884329187236
273186.204796424,0.998533258057215,6.45020519415479,6.52703728456854,81.2000977051261,0.0277155460267657,-25.5750182397256,4.9486013217113,82.8963616549354
278775.526575629,1.00411543917592,6.5863591502928,6.66246010658504,81.3317858199601,0.0273248441957477,-23.8058727643695,5.04887152344299,83.0023963661718
284479.204487769,1.00983143529483,6.72546761166146,6.80085833724074,81.4608087193337,0.0269626288632783,-21.9961091444284,5.15121916546389,83.1065699147665
290299.57823087,1.01568608715004,6.86760394266393,6.94230524688473,81.5872096048651,0.0266294565842798,-20.1473386171413,5.25568721207389,83.2089146313683
296239.035372598,1.0216844664907,7.01284381803501,7.08687643219636,81.7110305710106,0.0263258735435138,-18.2615267954553,5.36231955504098,83.3094623190374
302300.012329662,1.02783188930748,7.16126532584821,7.23464991964872,81.8323126153261,0.0260524078246816,-16.3410008482083,5.47116103533005,83.4082442575418
308484.995367247,1.03413392994205,7.31294907657772,7.38570627507459,81.9510956478303,0.0258095614008249,-14.3884495822016,5.58225746545417,83.5052912078358
314796.521618908,1.0405964361455,7.46797831864062,7.54012871976368,82.0674184994485,0.025597802033511,-12.4069155202948,5.69565565247244,83.6006334167027
321237.180127318,1.04722554515903,7.62643906087787,7.69800325355331,82.1813189295095,0.0254175552965458,-10.3997783184321,5.81140342166002,83.6943006215432
327809.612906325,1.05402770089748,7.78842020246959,7.85941878541255,82.2928336322692,0.0252691969603862,-8.37072919378463,5.92954964087677,83.7863220552943
334516.516024714,1.06100967232263,7.95401367082034,8.02446727205981,82.4019982424268,0.0251530459833235,-6.32373643216311,6.05014424566266,83.8767264514631
341360.640712174,1.06817857310197,8.12331456799403,8.19324386519883,82.5088473395975,0.025069358352709,-4.2630024823606,6.17323826508983,83.9655420492607
348344.794487866,1.07554188265662,8.29642132632515,8.36584706800521,82.6134144517023,0.0250183220026756,-2.19291359693529,6.29888384840192,84.0527965988224
355471.842312096,1.08310746871225,8.47343587388599,8.54237890154952,82.7157320572286,0.0250000530038454,-0.117983406550698,6.42713429247364,84.1385173665012
362744.707761541,1.09088361147718,8.65446381054621,8.72294508190001,82.815831586313,0.0250145931765488,1.95720781946849,6.55804407012535,84.2227311402229
370166.374228536,1.0988790295837,8.8396145954237,8.90765520871158,82.9137434205897,0.0250619092245937,4.0280762047704,6.69166885932863,84.3054642348903
377739.886144875,1.10710290794173,9.02900174659389,9.09662296617643,83.0094968917456,0.025141893425204,6.0900974223704,6.82806557334137,84.3867424978261
385468.35023067,1.11556492766816,9.22274305400032,9.28996633728855,83.1031202787122,0.0252543658467406,8.13886780038744,6.96729239181302,84.4665913142432
393354.936768757,1.12427529827144,9.42096080659123,9.48780783245694,83.1946408034225,0.0253990780038738,10.1701613323562,7.10940879290242,84.5450356127345
401402.880905167,1.13324479228852,9.62378203479759,9.6902747335946,83.2840846250495,0.0255757178044037,12.1799808034382,7.25447558645356,84.6220998707708
409615.483976215,1.14248478259122,9.83133876956779,9.89749935491077,83.371476832637,0.0257839155966182,14.1646016000359,7.40255494827652,84.6978081201988
417996.114862734,1.15200728260079,10.043768319284,10.1096193217459,83.4568414360234,0.0260232510935484,16.1206071927689,7.55371045558448,84.772183952732
426548.211372023,1.16182498967408,10.2612135660061,10.3267778689104,83.5402013549491,0.0262932609320454,18.0449157337539,7.70800712363949,84.8452505254242
435275.281648062,1.17195133195206,10.4838232826218,10.5491241601237,83.6215784062277,0.0265934466202502,19.9347976517466,7.86551144366328,84.9170305661213
444180.905610583,1.1824005189917,10.711752472631,10.7768136303004,83.7009932888483,0.0269232826355824,21.7878845309605,8.02629142207293,84.9875463788811
453268.736423585,1.19318759653662,10.9451627344532,11.0100083525941,83.778465566863,0.0272822244547363,23.6021698971044,8.19041662110405,85.0568198493569
462542.501993898,1.20432850581972,11.1842226523283,11.2488774322945,83.8540136498999,0.0276697163246835,25.3760027925019,8.35795820088819,85.1248724501375
472006.00650039,1.21584014783418,11.4291082160824,11.4935974298741,83.9276547711229,0.028085198616449,27.1080751954586,8.52898896305491,85.191725246037
481663.131954489,1.22774045305695,11.6800032722503,11.7443528157089,83.9994049624444,0.0285281146386542,28.7974044298862,8.70358339593379,85.2573988993304
491517.839792609,1.2400484571631,11.9371000092944,12.0013364592452,84.0692790267753,0.0289979168230302,30.4433117283872,8.881817721435,85.3219136749272
501574.172501166,1.25278438332995,12.2005994799347,12.2647501556656,84.1372905070722,0.0294940722272997,32.0453980684967,9.06376994369269,85.3852894454798
511836.255274842,1.26596973179874,12.4707121639102,12.5348051934176,84.2034516519217,0.030016067330569,33.6035183123738,9.24951989956054,85.4475456964202
522308.29770878,1.27962737743882,12.7476585748321,12.8117229663141,84.2677733773678,0.0305634121217415,35.117754559934,9.43914931105386,85.508701530921
532994.595525388,1.29378167614682,13.031669915174,13.0957356343042,84.3302652246611,0.0311356435020624,36.5883894879133,9.63274183983836,85.5687756747757
543899.532336486,1.30845858101261,13.3229887838665,13.3870868374437,84.3909353135721,0.0317323280387051,38.0158803042968,9.83038314387275,85.6277864811932
555027.581441502,1.32368576929602,13.6218699414454,13.6860324680855,84.4497902908717,0.0323530641175974,39.4008338080022,10.0321609363179,85.6857519355037
566383.30766246,1.33949278138628,13.9285811382358,13.9928415068493,84.5068352735377,0.032997483550946,40.7439829142456,10.2381650468334,85.7426896597695
577971.369216502,1.35591117306135,14.24340401166,14.3077969285493,84.5620737861973,0.0336652526987439,42.0461648908042,10.4484874853884,85.7986169172983
589796.519626736,1.37297468253013,14.5666350594309,14.6311966849438,84.6155076922594,0.03435607316457,43.3083014516199,10.6632225087247,85.8535506170541
601863.609672172,1.39071941392986,14.8985866961614,14.9633547719526,84.6671371181274,0.0350696821248377,44.5313807724605,10.8824666896148,85.9075073179609
614177.589377548,1.40918403916748,15.2395884017784,15.304602389865,84.7169603698127,0.0358058523478867,45.7164414281424,11.10631898907,85.9605032330969
626743.510043877,1.42841002024204,15.5899879711086,15.6552892060556,84.7649738411883,0.0365643919554478,46.864558200795,11.3348808316632,86.0125542337731
639566.526320538,1.44844185447024,15.9501528751064,16.0157847308537,84.8111719130317,0.0373451439744494,47.9768296720487,11.5682561841399,86.0636758534937
652651.898319751,1.46932734536525,16.3204717454474,16.3864798184902,84.8555468419006,0.0381479857222347,49.0543674868962,11.8065516375044,86.113883291793
666004.993774319,1.49111790229703,16.701355995638,16.7677883064996,84.898088637771,0.0389728280632658,50.0982871613237,12.0498764927798,86.1631914179454
679631.290239531,1.51386887249961,17.0932415934125,17.1601488086173,84.938784929229,0.0398196145705078,51.1097002977508,12.2983428506537,86.2116147745436
693536.377340089,1.53763990949628,17.4965910010404,17.5640266780988,84.9776208148578,0.0406883206200477,52.0897080701715,12.5520657052347,86.2591675809414
707725.959063027,1.56249538260117,17.9118953022864,17.9799161605587,85.0145786992842,0.0415789524431976,53.0393958431646,12.8111630421623,86.3058637365548
722205.856097533,1.58850483283828,18.3396765371858,18.4083427579061,85.0496381121483,0.0424915461564121,53.9598287944,13.075755941327,86.3517168240192
736982.008222651,1.615743481415,18.7804902685874,18.8498658278048,85.0827755080303,0.043426166785836,54.8520484178796,13.3459686844754,86.3967401121949
752060.476743824,1.6442927978175,19.2349284076124,19.3050814463687,85.1139640451012,0.0443829073001909,55.7170697941048,13.621928867996,86.4409465590182
767447.446979293,1.67424113568498,19.7036223288746,19.7746255655915,85.1431733399563,0.0453618876630039,56.5558795230187,13.9037675211987,86.484348814191
783149.230797378,1.70568444589973,20.187246310571,20.2591775013855,85.1703691957399,0.0463632539128378,57.3694342254453,14.1916192304256,86.5269592217042
799172.269205654,1.73872707783715,20.6865213394935,20.7594637931842,85.1955133002512,0.0473871772781855,58.1586595284933,14.4856222693534,86.5687898221881
815523.134993099,1.77348268149965,21.2022193267503,21.2762624819587,85.2185628902489,0.0484338533320008,58.9244494597567,14.7859187358721,86.6098523550841
832208.535426328,1.81007522536638,21.735167786664,21.8104078603754,85.2394703776113,0.0495035011894265,59.6676661839732,15.0926546959549,86.6501582606308
849235.31500096,1.84864014729364,22.2862550391061,22.3627957568428,85.2581829323566,0.0505963627511024,60.3891400239736,15.4059803349617,86.6897186816561
866610.458249289,1.88932565878332,22.8564360046448,22.9343894246034,85.2746420167668,0.0517127019934783,61.0896697152515,15.7260501168509,86.7285444651697
884341.092605401,1.93229422650081,23.446738672588,23.5262261180666,85.2887828639588,0.052852804306777,61.7700228502589,16.0530229518103,86.7666461637463
902434.491328917,1.97772425919645,24.0582713345858,24.1394244515889,85.3005338931902,0.0540169758806271,62.4309364746202,16.3870623728541,86.8040340366902
920898.076488532,2.02581203332546,24.6922306913235,24.7751926512773,85.3098160529381,0.0552055431368924,63.0731178028715,16.7283367219745,86.8407180509739
939739.422006623,2.07677389686705,25.3499109574203,25.4348378286131,85.3165420813036,0.0564188522088455,63.6972450261263,17.0770193464792,86.8767078819383
958966.256766135,2.13084879836269,26.0327141105436,26.1197764263552,85.3206156715363,0.057657268465545,64.3039681882768,17.4332888061953,86.912012913745
978586.467781037,2.18830119733879,26.742161455638,26.8315460130363,85.321930528362,0.0589211760800603,64.8939101110217,17.7973290922706,86.9466422395681
998608.103431637,2.24942442344589,27.4799067049297,27.5718186333154,85.3203692982803,0.0602109776400456,65.4676673512141,18.16932985836,86.9806046615136
1019039.3767661,2.31454456533727,28.2477508100783,28.3424159586513,85.3158023539613,0.061527093799063,66.0258111767969,18.5494866650448,87.0139086902517
1039888.66886953,2.3840249871672,29.047658825855,29.1453265276392,85.3080864092129,0.062869962967005,66.5688885499826,18.9380012384003,87.0465625443479
1061164.53230192,2.45827159143826,29.8817791367237,29.9827254197014,85.2970629365525,0.0642400410379367,67.0974231083886,19.335081743697,87.0785741492769
1082875.69460652,2.53773897283179,30.7524654408221,30.8569967719347,85.2825563540174,0.0656378011536949,67.6119161365965,19.7409430753015,87.1099511361017
1105031.06188997,2.62293764000032,31.6623019627793,31.7707596296587,85.2643719412489,0.0670637335015948,68.1128475221,20.1558071639256,87.1407008397988
1127639.72247561,2.71444252288883,32.6141324610062,32.726897720287,85.2422934367826,0.0685183451446441,68.6006766908734,20.5799033024675,87.1708302972096
1150710.95063161,2.81290303435753,33.6110937109552,33.7285938622901,85.2160802584757,0.0700021598827137,69.0758435188724,21.0134684917897,87.2003462445967
1174254.21037537,2.91905501983677,34.6566542890206,34.779369872347,85.185464276609,0.0715157181431772,69.5387692166746,21.456747807887,87.2292551147788
1198279.15935574,3.03373501163117,35.7546596595694,35.8831330222493,85.1501460537451,0.0730595768995978,69.9898571852298,21.9099947920235,87.2575630338207
1222795.65281464,3.15789731090041,36.9093847895949,37.0442303331109,85.1097904460569,0.0746343096171106,70.4294938413179,22.3734718655439,87.2852758172482
1247813.74762982,3.29263455783472,38.1255957941551,38.267512291639,85.0640214364221,0.0762405062232271,70.8580494118371,22.8474507712147,87.3123989657587
1273343.7064402,3.43920262939663,39.4086224675902,39.5584079497532,85.012416038613,0.077878773102857,71.2758786964727,23.3322130431065,87.3389376603915
1299396.0018558,3.59905093832185,40.7644440023627,40.9230138489139,84.9544970723759,0.0795497331164149,71.6833217986534,23.8280505072041,87.3648967571243
1325981.32075356,3.77385951637993,42.1997907685249,42.3681998267173,84.8897245583895,0.0812540256399604,72.0807048249823,24.3352658151207,87.3902807808527
1353110.56866134,3.96558467643726,43.7222657616897,43.901735559791,84.8174854163255,0.082992306626381,72.4683405535637,24.8541730135062,87.4150939187121
1380794.87423134,4.17651560005259,45.3404902795475,45.5324427342441,84.7370810634625,0.0847652486867001,72.8465290718231,25.3850981519664,87.4393400126917
1409045.59380522,4.4093449448594,47.0642796297683,47.2703790963409,84.647712398528,0.086573541190659,73.2155583845637,25.9283799325666,87.4630225514901
1437874.31607257,4.66725758756071,48.9048563069017,49.1270624380019,84.5484615059001,0.0884178903857848,73.5757049931063,26.4843704042766,87.4861446615551
1467292.8668247,4.95404302855326,50.8751102438868,51.1157449780045,84.4382692151941,0.0902990195342125,73.9272344464405,27.0534357060178,87.5087090972448
1497313.31380564,5.27423895181857,52.9899186438969,53.2517518435563,84.3159073808849,0.092217669066593,74.2704018653709,27.6359568623203,87.5307182300416
1527947.97166248,5.63331621069385,55.2665418131475,55.5529017740212,84.1799443775163,0.0941745967524686,74.6054524406797,28.232330635976,87.552174036744
1559209.40699693,6.03791947766127,57.7251167511961,58.0400342484215,84.0287017965591,0.0961705778865536,74.9326219063445,28.8429704424917,87.5730780865536
1591110.44352022,6.49618353969074,60.3892776021555,60.7376757037306,83.8601996193234,0.098206405490399,75.2521369888618,29.4683073316104,87.5934315269658
1623664.16731354,7.01815365299886,63.2869422949928,63.6748894443237,83.6720861335114,0.100282890528976,75.5642158337215,30.1087910416896,87.6132350683653
1656883.93219604,7.61635094098497,66.451319092374,66.8863708895374,83.4615474168725,0.102400862141751,75.8690684100671,30.7648911332939,87.6324889672143
1690783.36520269,8.30654286733379,69.9222072644675,70.4138745073867,83.2251891090045,0.104561167887859,76.1668968945574,31.4370982090015,87.6511930077137
1725376.37217421,9.10880820042384,73.7476956603162,74.3080951312758,82.9588800817986,0.106764674005045,76.457896035425,32.1259252271351,87.6693464818019
1760677.14346135,10.0490320998389,77.9864061177953,78.6311807447484,82.6575429354542,0.109012265682039,76.742253497695,32.8319089179212,87.6869481673424
1796700.1597459,11.1610411916448,82.7104925313552,83.4601366836944,82.3148690585934,0.111304847344109,77.0201501905022,33.5556113114712,87.7039963043369
1833460.19798083,12.4897105316137,88.0097021541271,88.8915099569225,81.9229247242686,0.113643342951536,77.291760577408,34.2976213879689,87.7204885689805
1870972.33745184,14.095580106863,93.9969510282581,95.0479467487738,81.4715966228888,0.116028696310797,77.557252970589,35.0585568615641,87.7364220453581
1909251.9659631,16.061875245918,100.816088265168,102.087548160907,80.9477955023993,0.118461871398273,77.8167898097288,35.8390661107224,87.751793194556
1948314.78614943,18.5054631212014,108.652867705294,110.217502357449,80.3342862740078,0.120943852696322,78.0705279264159,36.6398302691811,87.7665978209405
1988176.82191763,21.5944575178353,117.750674498651,119.714418264372,79.6079250912756,0.123475645541576,78.3186187948098,37.4615654932482,87.7808310353234
2028854.42501964,25.5774512341007,128.433349689283,130.955455495533,78.7369250604741,0.126058276485363,78.5612087693067,38.3050254229635,87.7944872147065
2070364.28176021,30.8338978527749,141.138565790198,144.46738043624,77.676473581021,0.128692793666156,78.7984393098984,39.1710038566501,87.8075599582553
2112723.41984171,37.9646941940592,156.466395595957,161.006369302705,76.3614378097888,0.131380267193982,79.0304471958883,40.0603376606694,87.8200420391171
2155949.21534905,47.963025010317,175.247412877193,181.692342954484,74.6936860824268,0.134121789546753,79.2573647285914,40.9739099387741,87.8319253516465
2200059.39987755,62.5542700224894,198.625585213058,208.243030613935,72.5189289422097,0.136918475978479,79.4793199236181,41.9126534883834,87.8432008535527
2245072.06780654,84.911928364011,228.101648362241,243.393503537104,69.581976869565,0.13977146493936,79.6964366933067,42.8775545744426,87.8538585024189
2291005.68372183,121.245910706785,265.251699593976,291.648821359886,65.4349743530006,0.142681918507757,79.9088350198431,43.8696570553331,87.8638871859782
2337879.0899901,184.373253529107,309.772552779293,360.489293977378,59.2393524114377,0.145651022834076,80.1166311195772,44.8900668996354,87.8732746454492
2385711.51448813,300.331949410938,349.702968111984,460.967944377161,49.3433519632524,0.148679988596589,80.3199375990165,45.9399571375178,87.8820073911467
2434522.57849031,502.790729271846,322.447952408322,597.30327259612,32.6727195541878,0.151770051469252,80.5188636029552,47.0205732962167,87.8900706094764
2484332.30471738,702.209091265945,78.5291313341987,706.586464860917,6.38096325013843,0.15492247260159,80.7135149551677,48.1332393756199,87.8974480603059
2535161.12555,603.66399650604,-255.41005270549,655.472742149257,-22.9332070716885,0.158138539110718,80.9039942920775,49.2793644274947,87.9041219635668
2587029.89141023,369.498944661894,-355.625353897618,512.834147109043,-43.9039103685305,0.161419564585601,81.0904011897832,50.4604498106,87.9100728737816
2639959.87931459,217.764440187296,-327.767535441794,393.513543222688,-56.4004595919186,0.164766889603657,81.2728322848092,51.678097203981,87.91527954103
2693972.80160208,136.410927744368,-279.648642346374,311.145150009203,-63.9971579702421,0.168181882259808,81.451381388922,52.9340174724069,87.9197187566514
2749090.81484071,91.4274573873348,-237.341824246575,254.342527904802,-68.9326032633422,0.171665938708127,81.6261395983396,54.2300404914686,87.9233651817363
2805336.5289164,64.8255964154225,-203.658697183209,213.726982126678,-72.3434632677936,0.1752204837162,81.7971953976378,55.5681260556612,87.9261911561678
2862733.01630768,48.0601973629678,-177.140222361596,183.544111724901,-74.8204049517554,0.178846971232373,81.9646347586446,56.9503760112352,87.9281664856385
2921303.82155029,36.9133191753189,-156.035991536181,160.342832041904,-76.6902721457385,0.182546884966024,82.1285412345948,58.3790477772394,87.9292582036688
2981072.97089528,29.1693058718348,-138.966397150877,141.994746177949,-78.1456062425653,0.186321738981048,82.2889960498024,59.8565694436074,87.9294303051896
3042064.98216481,23.5915895179391,-124.9289197947,127.136926567593,-79.3061884682552,0.190173078302722,82.4460781850941,61.3855566651062,87.9286434476998
3104304.87480962,19.4520686843303,-113.204891161598,114.863964579885,-80.2500438948756,0.194102479538154,82.5998644592328,62.9688316053956,87.9268546153605
3167818.18017215,16.3017903553992,-103.27540422104,104.554088804841,-81.0299999758317,0.198111551510499,82.7504296065477,64.6094442274635,87.9240167406133
3232630.95195977,13.8527546597518,-94.7604373067495,95.7676317459593,-81.6830081229865,0.202201935907162,82.8978463509741,66.3106962767091,87.9200782769941
3298769.77693223,11.913814989807,-87.3771450835854,88.1856250789735,-82.2356388419086,0.206375307942205,83.0421854766973,68.0761683626402,87.914982715711
3366261.78580776,10.3543134182814,-80.9115747461323,81.5714088039612,-82.7074536188203,0.210633377033181,83.1835158955787,69.909750616692,87.9086680372419
3435134.66439232,9.08261620549311,-75.1993727209157,75.7458881706161,-83.1131473526211,0.214977887492628,83.3219047115389,71.8156774897203,87.9010660876185
3505416.66493659,8.03299390231498,-70.1124614392356,70.5711431117771,-83.4639516569798,0.219410619234475,83.457417282057,73.798567356617,87.8921018671509
3577136.61772528,7.15735058233156,-65.5497029939364,65.9392995864505,-83.7685788374446,0.22393338849561,83.5901172769385,75.8634677214363,87.8816927170212
3650323.94290352,6.41986509227648,-61.4302562172691,61.7648042717077,-84.0338719019449,0.228548048572864,83.7200667344966,78.0159069697668,87.8697473863456
3725008.6625453,5.79343309569305,-57.68877884902,57.978953699816,-84.2652614154193,0.233256490575692,83.8473261152815,80.2619538025833,87.8561649588399
3801221.4129688,5.25725239341697,-54.2719122802084,54.5259494670081,-84.4670923837135,0.238060644194825,83.9719543534857,82.6082857161488,87.8408336139692
3878993.45730362,4.79515146227804,-51.1356709031592,51.3600069729589,-84.6428617579289,0.242962478487172,84.0940089061458,85.062268176866,87.8236291922003
3958356.69831521,4.3944115901786,-48.2434785081626,48.4432045986993,-84.7953932121113,0.247964002677286,84.2135458002553,87.6320464927416,87.8044135274532
4039343.69149169,4.04492325337426,-45.5646737293818,45.7438618416799,-84.9269670333778,0.25306726697568,84.3306196778947,90.3266528230896,87.7830325016993
4121987.65839834,3.73857286960441,-43.0733598280044,43.2353010163464,-85.0394172601013,0.25827436341431,84.4452838394818,93.1561313199289,87.759313766434
4206322.50030542,3.46879092927105,-40.747510275851,40.8948909301831,-85.1342044300897,0.26358742669955,84.5575902852356,96.1316850907004,87.7330640628477
4292382.81209473,3.23021486490532,-38.5682664915235,38.7033004824476,-85.2124697470231,0.269008635082989,84.6675897549466,99.2658495556467,87.704066056131
4380203.89645075,3.0184346235768,-36.5193814267783,36.643910372275,-85.2750747022624,0.274540211250384,84.7753317661374,102.572697902297,87.6720745783969
4469821.7783421,2.82979861095882,-34.5867749390577,34.7023451781521,-85.3226289237219,0.280184423229112,84.8808646506934,106.068085792072,87.636812147737
4561273.21979929,2.66126422634352,-32.7581756224997,32.8660979946958,-85.3555080832325,0.285943585314487,84.9842355900418,109.769944356379,87.5979635959543
4654595.73499485,2.51028169497276,-31.0228300758263,31.124226899663,-85.3738629558632,0.291820059015298,85.0854906489487,113.698632977685,87.5551695918219
4749827.60563191,2.37470301975507,-29.3712651852473,29.4671076458847,-85.3776200999238,0.297816254018941,85.1846748080028,117.877366587421,87.5080187865174
4847007.89664774,2.25271006553012,-27.7950923888824,27.8862307159976,-85.3664740435544,0.303934629176536,85.2818319948499,122.332736510741,87.4560382278728
4946176.47223852,2.14275734831015,-26.2868454084693,26.3740336426285,-85.3398702573352,0.310177693508404,85.377005114239,127.095349649567,87.3986815827651
5047374.01221195,2.04352622400283,-24.8398448235045,24.9237615596838,-85.2969774914864,0.316548007230324,85.470236076936,132.200618594809,87.3353145615804
5150642.02867447,1.95388798712162,-23.4480842914036,23.5293505053367,-85.2366471726629,0.323048182800958,85.5615658275614,137.689745929278,87.2651967396089
5256022.8830599,1.87287398936144,-22.1061343052334,22.1853291817147,-85.157356366437,0.329680885990881,85.6510343713998,143.610960748042,87.1874586945311
5363559.80350645,1.79965133240322,-20.8090602147446,20.886735789469,-85.0571291343965,0.336448836973639,85.7386808002331,150.021086104399,87.1010729926143
5473296.90258929,1.73350302201168,-19.5523518797123,19.629047270701,-84.9334286636248,0.343354811439263,85.8245433172407,156.987545441042,87.0048170070898
5585279.19541587,1.67381172182433,-18.3318628229524,18.4081188674906,-84.7830088589611,0.350401641730703,85.9086592610106,164.590958317874,86.8972247607564
5699552.61809159,1.62004643689005,-17.143757137673,17.2201323819881,-84.6017083949888,0.357592218003626,85.9910651287029,172.928537514853,86.776523826403
5816164.04656313,1.57175160463731,-15.9844627050444,16.0615519510299,-84.3841612057751,0.364929489410061,86.0717965984038,182.118591411007,86.6405515939672
5935161.31584732,1.52853818593559,-14.8506295115781,14.9290865720585,-84.1233827173364,0.372416465306344,86.1508885507068,192.30657456927,86.486642597699
6056593.23965357,1.49007643966843,-13.739092035814,13.8196591045012,-83.810166557587,0.380056216485886,86.2283750895566,203.673344234252,86.3114745480915
6180509.63040768,1.45609013707033,-12.6468348100157,12.7303821309141,-83.4321840030687,0.387851876437233,86.304289562387,216.446619680973,86.1108543047194
6306961.31968521,1.42635203180869,-11.5709603622846,11.6585420968579,-82.9726023204122,0.395806642627942,86.3786645795859,230.917190460693,85.8794146254855
6436000.17906315,1.40068045220712,-10.5086588127304,10.601594963569,-82.4078961695156,0.403923777814791,86.4515320333154,247.46233304013,85.6101751723943
6567679.14139807,1.37893692620495,-9.45717843712359,9.55718007772413,-81.7042487008108,0.412206611380862,86.5229231157155,266.580462089343,85.2938913743389
6702052.22253958,1.36102479031183,-8.41379652418146,8.5231661036361,-80.811366521086,0.420658540700024,86.5928683365182,288.943824347577,84.9180614549069
6839174.54348812,1.34688877344098,-7.37578983797386,7.49775867189521,-79.6512752298498,0.42928303252939,86.6613975400967,315.481179113023,84.4653629712954
6979102.35300612,1.33651558762424,-6.34040395284328,6.4797373558805,-78.0966869756688,0.438083624430297,86.7285399219737,347.512328247143,83.9110977072152
7121893.05069172,1.32993560303845,-5.30482065060523,5.46898992898295,-75.9258415220254,0.447063926218411,86.7943240448116,386.976533712518,83.2188284965086
7267605.21052448,1.32722573788149,-4.26612245206153,4.46781030654599,-72.7186529583175,0.456227621443511,86.8587778539057,436.840456856055,82.3325265297869
7416298.60489305,1.32851375875157,-3.22125318719923,3.48445417579762,-67.5877010695036,0.465578468899599,86.9219286922011,501.872413457752,81.1615045827504
7568034.2291143,1.33398427010102,-2.16697327667546,2.54465856544695,-58.3836335671481,0.475120304165923,86.9838033148529,590.225120451091,79.5491167488731
7722874.32645407,1.34388678010152,-1.09980808104283,1.73655103376168,-39.2961573395953,0.484857041179542,87.0444279033472,716.981135465342,77.200812311249
7880882.41365994,1.35854637631866,-0.0159872447841684,1.3586404412516,-0.674220172327232,0.494792673840096,87.103828079201,913.032869123668,73.4954335551025
8042123.30701636,1.37837774457775,1.08862762167611,1.7564268574078,38.3012920978904,0.504931277647412,87.1620289172585,1250.17768451581,66.8961310516511
8206663.14893282,1.40390354287882,2.21863037674055,2.62550298158345,57.6752152527617,0.515277011372631,87.2190549585971,1910.69520554084,52.6943184559766
8374569.43507604,1.4357785360954,3.37917745248215,3.67155284043087,66.9798489732626,0.525834118763535,87.274930223061,2995.31887929045,15.8432117944942
8545911.04205731,1.47482146281685,4.57612070951955,4.80790797491788,72.1365748244464,0.536606930284765,87.3296782214345,2469.27306203376,-36.4247733555346
8720758.25568627,1.52205743053019,5.81617426695244,6.01203309416972,75.3349124662419,0.547599864893653,87.38332196727,1498.35448266639,-60.2343791944452
8899182.79980267,1.57877485755094,7.10712658394865,7.2803693815015,77.4756988848222,0.558817431852383,87.4358839883827,1014.16016171435,-69.9735884008834
9081257.86569822,1.64660282207145,8.45811347078242,8.61690108671816,78.9836032824788,0.570264232577225,87.487386338025,752.853020085815,-74.9468004864676
9267058.14214026,1.72761750557617,9.87997415152853,10.0298829245632,80.0815083272368,0.581944962525617,87.5378506057522,592.848121057445,-77.9077026446044
9456659.8460097,1.82449084260749,11.3857220941758,11.5309771676368,80.8961061670878,0.593864413121825,87.5872979279899,485.465862876744,-79.8514740839012
9650140.75356585,1.94070156504626,12.9911768664894,13.1353339866553,81.5036359916515,0.60602747372202,87.6357489983156,408.528170409162,-81.2133350181329
9847580.232351,2.08084041566694,14.7158257621865,14.8622146633166,81.9516461879865,0.618439133619539,87.6832240774627,350.675483529083,-82.2114774737091
10049059.2737476,2.25106077846887,16.5840194764329,16.7360980106794,82.2700996082817,0.631104484091172,87.7297430030575,305.53420507631,-82.9666330738415
10254660.5262015,2.45975966066196,18.6266636259213,18.7883744752291,82.4772852466138,0.64402872048529,87.7753251990992,269.266025924399,-83.5506841196847
10464468.3291254,2.71863415587986,20.8836635004774,21.0598758988435,82.5829493875789,0.657217144352708,87.8199896851901,239.42637580913,-84.0088647884314
10678568.7474952,3.04437006719449,23.4075430257535,23.6046872381003,82.5897433373511,0.670675165621114,87.8637550855259,214.38634364041,-84.3708521354156
10897049.607155,3.46143480244924,26.2689481193895,26.4960217049803,82.4934349153863,0.684408304813981,87.9066396376539,193.019350202663,-84.6567101842582
11120000.5308436,4.0068828589323,29.5652746084262,29.8355588671782,82.2819191254525,0.698422195314857,87.9486612010059,174.521534690119,-84.8802557879396
11347512.974959,4.73901500578855,33.4346714258771,33.7688542385059,81.9326605921186,0.712722585677984,87.9898372652146,158.303854063468,-85.0510448929353
11579680.2670739,5.75385840935106,38.0796815469453,38.5119336480476,81.4075786124556,0.727315341986147,88.0301849582192,143.924637334109,-85.1755753632023
11816597.6442205,7.21866116533759,43.8089717623778,44.3997193222746,80.643117051671,0.742206450256785,88.0697210541687,131.045965415098,-85.2580173900727
12058362.2919565,9.44565923200264,51.1146861504867,51.9801079124493,79.5302250561754,0.757402018897277,88.1084619811272,119.404612599757,-85.3006379733616
12305073.3842322,13.0716341002488,60.8229690681617,62.2117447458061,77.8708957999279,0.772908281210472,88.1464238285892,108.79217906992,-85.3040067779102
12556832.1240721,19.5541660181584,74.3948368746134,76.921760004995,75.2733092615359,0.788731597951458,88.18362235481,99.0411907500184,-85.2670220431964
12813741.7850896,32.7842525032643,94.4628720977329,99.9902066061994,70.8601748425314,0.804878459936611,88.2200729939574,90.0151715197882,-85.1867589641504
13075907.7538503,65.4095129652592,124.554433230586,140.684793861117,62.2938795237101,0.821355490706031,88.2557908630898,81.6014196838177,-85.0581069828901
13343437.5731029,162.867383177304,146.636766302191,219.153201515711,41.9981184672128,0.838169449240407,88.2907907689656,73.705663929245,-84.8731146137599
13616440.9858937,278.822834614775,-26.6831008054033,280.096699322233,-5.46650840976476,0.855327232733462,88.3250872146898,66.248052776262,-84.6198823601491
13895029.9805848,125.605205706153,-130.747649800789,181.305310536991,-46.1492005050118,0.872835879421117,88.358694406203,59.1601135649944,-84.2807002103811
14179318.8367921,51.8502127221687,-97.6623567416887,110.572964524223,-62.0355873769949,0.890702571468483,88.3916262586148,52.3824440315209,-83.8288372891519
14469424.1722641,26.9449141865276,-69.070939632285,74.140563136559,-68.6889981467714,0.908934637915947,88.4238964023901,45.8630025583775,-83.2227677123749
14765464.9907193,16.5769008154663,-49.9788471057328,52.6562322870144,-71.6504354618635,0.927539557685474,88.4555181893889,39.555978231834,-82.3951602869197
15067562.7306627,11.5038752089823,-36.5118232824706,38.281227569583,-72.511788401434,0.946524962648424,88.4865046987663,33.4214226899351,-81.2302244602821
15375841.315201,8.78040501821865,-26.2487523294869,27.6783762373934,-71.5045242265202,0.965898640756116,88.5168687427352,27.4263350749714,-79.5122468643614
15690427.2028768,7.28882209220864,-17.8143946866977,19.247846257317,-67.747903913167,0.985668539234399,88.5466228721962,21.54956421061,-76.7921897876598
16011449.4395429,6.56606307145307,-10.3514668439773,12.2583053510778,-57.6125399310607,1.0058427678436,88.5757793822381,15.7998874815437,-71.9728235009457
16339039.7112982,6.44567914991948,-3.22845436090713,7.2090011280459,-26.6049652247639,1.02642960220513,88.6043503175133,10.2965127224449,-61.643200439442
16673332.3985066,6.96110970489954,4.14522777451025,8.10184927200067,30.7731115411297,1.04743748719612,88.6323474774898,5.79362254952435,-31.723270355066
17014464.6309206,8.39796458373714,12.4972514666624,15.0567959198064,56.0994943006133,1.06887504041352,88.6597824215853,5.86982050168213,31.4922982570553
17362576.3439333,11.5946379097545,22.9687567410672,25.7293492822619,63.215336826565,1.09075105570904,88.6866664741849,10.6445919243053,61.209951251196
17717810.3359812,19.0990190367345,37.6359398663309,42.2046975796252,63.0936839360546,1.11307450679639,88.7130107295466,16.6646191210672,71.4633952745414
18080312.3271214,40.4501125964632,59.5958901241535,72.0269514054061,55.8336939166993,1.13585455093234,88.7388260565963,23.2166094872512,76.2248399645054
18450231.0188069,114.281667225044,69.1247706749405,133.560972535389,31.1681984247432,1.15910053267298,88.764123103617,30.2249505254041,78.879850784133
18827718.1548855,142.025733001233,-66.5568508678887,156.847452105503,-25.1089766255068,1.18282198770697,88.7889123028327,37.7426948214785,80.5170634443807
19212928.5838464,51.1477258274523,-80.7208142238174,95.5611830518871,-57.6401244985543,1.20702864676705,88.8132038748923,45.8785679498709,81.5797052259677
19606020.3223404,22.5440293887258,-58.2175341885657,62.4300772711083,-68.8317137203465,1.23173043962162,88.8370078332531,54.7888481973645,82.2772703514017
20007154.6199996,12.741279070215,-43.0544646308472,44.9001906120004,-73.5147243062578,1.25693749914801,88.8603339884697,64.6877279110943,82.7175282748277
20416496.0255835,8.43544465206,-32.9439236978104,34.0067469053587,-75.6377251923932,1.28266016548901,88.8831919523874,75.8704721877225,82.9567014497786
20834212.4544782,6.2051537914594,-25.6385123165021,26.3787271751139,-76.3946273927005,1.30890899029441,88.9055911422455,88.7535519396905,83.0203137542939
21260475.2575768,4.92245431695302,-19.964354986487,20.5622476040183,-76.1492934622961,1.33569474104941,88.9275407846902,103.943595313119,82.9112354542531
21695459.2915692,4.13708597085301,-15.2897325629792,15.8395518300757,-74.8594902718675,1.36302840549144,88.9490499197011,122.360485186937,82.6101888879484
22139342.9906696,3.64366172034342,-11.2465665282478,11.822078049421,-72.048716912482,1.39092119611741,88.9701274044329,145.470285115635,82.0689313401276
22592308.4398117,3.34001733256431,-7.60112971235072,8.30258325377174,-66.2788020187301,1.41938455478317,88.9907819169735,175.760393119792,81.1914543578473
23054541.4493418,3.17354869837826,-4.19057756571197,5.25664833094499,-52.8631418797754,1.44843015739696,89.0110219600222,217.806727569445,79.7880032085798
23526231.6312396,3.11891911084484,-0.888688747012378,3.2430578331352,-15.9040994383558,1.478069918709,89.0308558644882,280.991083712308,77.4530443837097
24007572.4768987,3.16883677410491,2.41535385522673,3.98440218186847,37.3154097907331,1.50831599719899,89.0502917930126,387.671285299692,73.1802006076969
24498761.4364985,3.33161974102027,5.83319870304137,6.71758120218279,60.2672389015205,1.53918080006357,89.0693377434149,603.22246054429,63.7730606286104
25000000,3.63405309312369,9.49382775284247,10.1655844536497,69.0541235033618,1.57067698830585,89.0880015520666,1120.72078718715,34.9523519339017
